"","variant","period","lower_inf_thresh","heterogen_vl","heterogen_contacts","sampling_freq","prop_self_iso_test","vl_sd_multiplier","name","Median","lo","hi","heterogen_label"
"1","wild","Pre-pandemic",FALSE,FALSE,TRUE,NA,0,"Amplified (2× SD)","size",0.7551388150958,0.723008729053376,0.790201415088094,"Equal VL, overdispersed contacts"
"2","wild","Pre-pandemic",FALSE,FALSE,TRUE,NA,0,"Standard (1× SD)","size",0.74368659098756,0.711641501298972,0.777949683532479,"Equal VL, overdispersed contacts"
"3","wild","Pre-pandemic",FALSE,TRUE,FALSE,NA,0,"Amplified (2× SD)","size",0.817476197023913,0.786198934866217,0.853330862098436,"Variable VL, Poisson contacts"
"4","wild","Pre-pandemic",FALSE,TRUE,FALSE,NA,0,"Standard (1× SD)","size",1.791384506614,1.70107361439491,1.88096185185011,"Variable VL, Poisson contacts"
"5","wild","Pre-pandemic",FALSE,TRUE,TRUE,NA,0,"Amplified (2× SD)","size",0.326937197540968,0.312751116714367,0.341519218684967,"Variable VL, overdispersed contacts"
"6","wild","Pre-pandemic",FALSE,TRUE,TRUE,NA,0,"Standard (1× SD)","size",0.505585422256428,0.48443642456285,0.533000154610441,"Variable VL, overdispersed contacts"
"7","wild","1st lockdown",FALSE,FALSE,TRUE,NA,0,"Amplified (2× SD)","size",0.0841694187811998,0.0668758144524553,0.107451175835609,"Equal VL, overdispersed contacts"
"8","wild","1st lockdown",FALSE,FALSE,TRUE,NA,0,"Standard (1× SD)","size",0.207069364287348,0.169510959886006,0.256655578748735,"Equal VL, overdispersed contacts"
"9","wild","1st lockdown",FALSE,TRUE,FALSE,NA,0,"Amplified (2× SD)","size",0.764956025783212,0.710285577964442,0.824159880163692,"Variable VL, Poisson contacts"
"10","wild","1st lockdown",FALSE,TRUE,FALSE,NA,0,"Standard (1× SD)","size",1.45835219660544,1.33236190399061,1.60890215619473,"Variable VL, Poisson contacts"
"11","wild","1st lockdown",FALSE,TRUE,TRUE,NA,0,"Amplified (2× SD)","size",0.144789065602889,0.124977128605467,0.168040130796227,"Variable VL, overdispersed contacts"
"12","wild","1st lockdown",FALSE,TRUE,TRUE,NA,0,"Standard (1× SD)","size",0.242780882539084,0.189638289584518,0.308701393266369,"Variable VL, overdispersed contacts"
"13","wild","1st lockdown easing",FALSE,FALSE,TRUE,NA,0,"Amplified (2× SD)","size",0.0592870835972932,0.0502277308992653,0.0706473825658406,"Equal VL, overdispersed contacts"
"14","wild","1st lockdown easing",FALSE,FALSE,TRUE,NA,0,"Standard (1× SD)","size",0.113670084642557,0.0976999925670923,0.133623915166244,"Equal VL, overdispersed contacts"
"15","wild","1st lockdown easing",FALSE,TRUE,FALSE,NA,0,"Amplified (2× SD)","size",0.863065275832318,0.807967896988273,0.929079156211316,"Variable VL, Poisson contacts"
"16","wild","1st lockdown easing",FALSE,TRUE,FALSE,NA,0,"Standard (1× SD)","size",1.68468003556489,1.53651742370417,1.83900611808751,"Variable VL, Poisson contacts"
"17","wild","1st lockdown easing",FALSE,TRUE,TRUE,NA,0,"Amplified (2× SD)","size",0.0782562085353039,0.0658525117059418,0.0944607623652448,"Variable VL, overdispersed contacts"
"18","wild","1st lockdown easing",FALSE,TRUE,TRUE,NA,0,"Standard (1× SD)","size",0.107919319851971,0.0896731845974107,0.134678220705647,"Variable VL, overdispersed contacts"
"19","wild","Relaxed restrictions",FALSE,FALSE,TRUE,NA,0,"Amplified (2× SD)","size",0.156491483450647,0.144424854889511,0.169406538870248,"Equal VL, overdispersed contacts"
"20","wild","Relaxed restrictions",FALSE,FALSE,TRUE,NA,0,"Standard (1× SD)","size",0.180138492103567,0.152525528790265,0.206827017580213,"Equal VL, overdispersed contacts"
"21","wild","Relaxed restrictions",FALSE,TRUE,FALSE,NA,0,"Amplified (2× SD)","size",0.86242661926213,0.819339499756774,0.911766749695822,"Variable VL, Poisson contacts"
"22","wild","Relaxed restrictions",FALSE,TRUE,FALSE,NA,0,"Standard (1× SD)","size",1.69528284816289,1.57537369466048,1.82214492576068,"Variable VL, Poisson contacts"
"23","wild","Relaxed restrictions",FALSE,TRUE,TRUE,NA,0,"Amplified (2× SD)","size",0.125488517812791,0.104258966642033,0.147282382699637,"Variable VL, overdispersed contacts"
"24","wild","Relaxed restrictions",FALSE,TRUE,TRUE,NA,0,"Standard (1× SD)","size",0.183115236307718,0.166418668717909,0.200459441227789,"Variable VL, overdispersed contacts"
"25","wild","School reopening",FALSE,FALSE,TRUE,NA,0,"Amplified (2× SD)","size",0.131140074833984,0.122026453349185,0.141163701783667,"Equal VL, overdispersed contacts"
"26","wild","School reopening",FALSE,FALSE,TRUE,NA,0,"Standard (1× SD)","size",0.148610481454461,0.136244330703841,0.163716793108925,"Equal VL, overdispersed contacts"
"27","wild","School reopening",FALSE,TRUE,FALSE,NA,0,"Amplified (2× SD)","size",0.872625094044279,0.830905158377383,0.918467844986013,"Variable VL, Poisson contacts"
"28","wild","School reopening",FALSE,TRUE,FALSE,NA,0,"Standard (1× SD)","size",1.79022576894661,1.66583247947889,1.90005232491504,"Variable VL, Poisson contacts"
"29","wild","School reopening",FALSE,TRUE,TRUE,NA,0,"Amplified (2× SD)","size",0.112959015592709,0.104752442515679,0.122448089265038,"Variable VL, overdispersed contacts"
"30","wild","School reopening",FALSE,TRUE,TRUE,NA,0,"Standard (1× SD)","size",0.144834181231222,0.131177160824736,0.159352128954864,"Variable VL, overdispersed contacts"
"31","wild","2nd lockdown",FALSE,FALSE,TRUE,NA,0,"Amplified (2× SD)","size",0.0884245727680706,0.0822521122840437,0.0949999061735204,"Equal VL, overdispersed contacts"
"32","wild","2nd lockdown",FALSE,FALSE,TRUE,NA,0,"Standard (1× SD)","size",0.112239746113193,0.10437349227501,0.120953901407818,"Equal VL, overdispersed contacts"
"33","wild","2nd lockdown",FALSE,TRUE,FALSE,NA,0,"Amplified (2× SD)","size",0.889594241311213,0.839271200733105,0.947793787258218,"Variable VL, Poisson contacts"
"34","wild","2nd lockdown",FALSE,TRUE,FALSE,NA,0,"Standard (1× SD)","size",1.87908676896598,1.73459592861645,2.04275945663665,"Variable VL, Poisson contacts"
"35","wild","2nd lockdown",FALSE,TRUE,TRUE,NA,0,"Amplified (2× SD)","size",0.0844527865945798,0.077936442001169,0.0911648912499802,"Variable VL, overdispersed contacts"
"36","wild","2nd lockdown",FALSE,TRUE,TRUE,NA,0,"Standard (1× SD)","size",0.111918795601968,0.0984342347524506,0.125674802739971,"Variable VL, overdispersed contacts"
"37","wild","2nd lockdown easing",FALSE,FALSE,TRUE,NA,0,"Amplified (2× SD)","size",0.0932585843507021,0.0862000965098242,0.100567676349963,"Equal VL, overdispersed contacts"
"38","wild","2nd lockdown easing",FALSE,FALSE,TRUE,NA,0,"Standard (1× SD)","size",0.116469919970265,0.106428554799398,0.127667235360438,"Equal VL, overdispersed contacts"
"39","wild","2nd lockdown easing",FALSE,TRUE,FALSE,NA,0,"Amplified (2× SD)","size",0.919625296975761,0.869654062863331,0.969616538968233,"Variable VL, Poisson contacts"
"40","wild","2nd lockdown easing",FALSE,TRUE,FALSE,NA,0,"Standard (1× SD)","size",1.80952995622385,1.68113462712582,1.9504724133994,"Variable VL, Poisson contacts"
"41","wild","2nd lockdown easing",FALSE,TRUE,TRUE,NA,0,"Amplified (2× SD)","size",0.0890758266859052,0.082355330988025,0.097374237451945,"Variable VL, overdispersed contacts"
"42","wild","2nd lockdown easing",FALSE,TRUE,TRUE,NA,0,"Standard (1× SD)","size",0.128158645022999,0.119985624459888,0.136908144772337,"Variable VL, overdispersed contacts"
